"id","Ãû³Æ","µÈ¼¶","¹Ø¿¨","Í¼Æ¬1","Í¼Æ¬2","Í¼Æ¬3","Í¼Æ¬4","Í¼Æ¬5","Í¼Æ¬6","Í¼Æ¬7","Í¼Æ¬8","",""
"1","40¼¶-Âåµ¤Â×·ÏÐæ","40","25","set:feixu image:feixu","set:feixu image:feixu","set:feixu image:feixu","set:feixu image:feixu","set:feixu image:feixu","0","0","0","",""
"2","70¼¶-´óÄ¹µØ","70","30","set:nakesamasi image:nakesamasi","set:nakesamasi image:nakesamasi","set:nakesamasi image:nakesamasi","set:nakesamasi image:nakesamasi","set:nakesamasi image:nakesamasi","set:nakesamasi image:nakesamasi","0","0","",""
"3","90¼¶-±ù¹Ú±¤ÀÝ","90","37","set:feixu image:feixu","set:feixu image:feixu","set:feixu image:feixu","set:feixu image:feixu","set:feixu image:feixu","set:feixu image:feixu","set:feixu image:feixu","0","",""
"","","","","","","","","","","","","",
"","","","","","","","",,,,,,
"","","","","","","","",,,,,,
"","","","","","","","",,,,,,
"","","","","","","","",,,,,,
"","","","","","","","",,,,,,
,,,,,,,,,,,,,
,,,,,,,,,,,,,
,,,,,,,,,,,,,
,,,,,,,,,,,,,
,,,,,,,,,,,,,
,,,,,,,,,,,,,
,,,,,,,,,,,,,
,,,,,,,,"",,"","",,
,,,,,,,,"",,"","",,
,,,,,,,,"",,"","",,
,,,,,,,,,,,,,
,,,,,,,,,,,,,
,,,,,,,,,,,,,
,,,,,,,,,,,,,
,,,,,,,,,,,,,
,,,,,,,,,,,,,
,,,,,,,,,,,,,
,,,,,,,,,,,,,
,,,,,,,,,,,,,
,,,,,,,,,,,,,
,,,,,,,,,,,,,
,,,,,,,,,,,,,
,,,,,,,,,,,,,
,,,,,,,,,,,,,
,,,,,,,,,,,,,
,,,,,,,,,,,,,
,,,,,,,,,,,,,
,,,,,,,,,,,,,
,,,,,,,,,,,,,
,,,,,,,,,,,,,
,,,,,,,,,,,,,
,,,,,,,,,,,,,
,,,,,,,,,,,,,
,,,,,,,,,,,,,
,,,,,,,,,,,,,
,,,,,,,,,,,,,
,,,,,,,,,,,,,
,,,,,,,,,,,,,
,,,,,,,,,,,,,
,,,,,,,,,,,,,
,,,,,,,,,,,,,
,,,,,,,,,,,,,
,,,,,,,,,,,,,
,,,,,,,,,,,,,
,,,,,,,,,,,,,
,,,,,,,,,,,,,
,,,,,,,,,,,,,
,,,,,,,,,,,,,
,,,,,,,,,,,,,
,,,,,,,,,,,,,
,,,,,,,,,,,,,
,,,,,,,,,,,,,
,,,,,,,,,,,,,
,,,,,,,,,,,,,
,,,,,,,,,,,,,
,,,,,,,,,,,,,
,,,,,,,,,,,,,
,,,,,,,,,,,,,
,,,,,,,,,,,,,
,,,,,,,,,,,,,
,,,,,,,,,,,,,
,,,,,,,,,,,,,
,,,,,,,,,,,,,
,,,,,,,,,,,,,
,,,,,,,,,,,,,
,,,,,,,,,,,,,
,,,,,,,,,,,,,
,,,,,,,,,,,,,
,,,,,,,,,,,,,
,,,,,,,,,,,,,
,,,,,,,,,,,,,
,,,,,,,,,,,,,
,,,,,,,,,,,,,
,,,,,,,,,,,,,
,,,,,,,,,,,,,
,,,,,,,,,,,,,
,,,,,,,,,,,,,
,,,,,,,,,,,,,
,,,,,,,,,,,,,
,,,,,,,,,,,,,
,,,,,,,,,,,,,
,,,,,,,,,,,,,
,,,,,,,,,,,,,
,,,,,,,,,,,,,
,,,,,,,,,,,,,
,,,,,,,,,,,,,
,,,,,,,,,,,,,
,,,,,,,,,,,,,
,,,,,,,,,,,,,
,,,,,,,,,,,,,
,,,,,,,,,,,,,
,,,,,,,,,,,,,
,,,,,,,,,,,,,
,,,,,,,,,,,,,
,,,,,,,,,,,,,
,,,,,,,,,,,,,
,,,,,,,,,,,,,
,,,,,,,,,,,,,
,,,,,,,,,,,,,
,,,,,,,,,,,,,
,,,,,,,,,,,,,
,,,,,,,,,,,,,
,,,,,,,,,,,,,
,,,,,,,,,,,,,
,,,,,,,,,,,,,
,,,,,,,,,,,,,
,,,,,,,,,,,,,
,,,,,,,,,,,,,
,,,,,,,,,,,,,
,,,,,,,,,,,,,
,,,,,,,,,,,,,
,,,,,,,,,,,,,
,,,,,,,,,,,,,
,,,,,,,,,,,,,
,,,,,,,,,,,,,
,,,,,,,,,,,,,
,,,,,,,,,,,,,
,,,,,,,,,,,,,
,,,,,,,,,,,,,
,,,,,,,,,,,,,
,,,,,,,,,,,,,
,,,,,,,,,,,,,
,,,,,,,,,,,,,
,,,,,,,,,,,,,
,,,,,,,,,,,,,
,,,,,,,,,,,,,
,,,,,,,,,,,,,
,,,,,,,,,,,,,
,,,,,,,,,,,,,
,,,,,,,,,,,,,
,,,,,,,,,,,,,
,,,,,,,,,,,,,
,,,,,,,,,,,,,
,,,,,,,,,,,,,
,,,,,,,,,,,,,
,,,,,,,,,,,,,
,,,,,,,,,,,,,
,,,,,,,,,,,,,
,,,,,,,,,,,,,
,,,,,,,,,,,,,
,,,,,,,,,,,,,
,,,,,,,,,,,,,
,,,,,,,,,,,,,
,,,,,,,,,,,,,
,,,,,,,,,,,,,
,,,,,,,,,,,,,
,,,,,,,,,,,,,
,,,,,,,,,,,,,
,,,,,,,,,,,,,
,,,,,,,,,,,,,
,,,,,,,,,,,,,
,,,,,,,,,,,,,
,,,,,,,,,,,,,
,,,,,,,,,,,,,
,,,,,,,,,,,,,
,,,,,,,,,,,,,
,,,,,,,,,,,,,
,,,,,,,,,,,,,
,,,,,,,,,,,,,
,,,,,,,,,,,,,
,,,,,,,,,,,,,
,,,,,,,,,,,,,
,,,,,,,,,,,,,
,,,,,,,,,,,,,
,,,,,,"",,"","",,,,
,,,,,,"",,"","",,,,
,,,,,,"",,"","",,,,
,,,,,,"",,"","",,,,
,,,,,,"",,"","",,,,
,,,,,,"",,"","",,,,
,,,,,,"",,"","",,,,
,,,,,,"",,"","",,,,
,,,,,,"",,"","",,,,
,,,,,,"",,"","",,,,
,,,,,,"",,"","",,,,
,,,,,,"",,"","",,,,
,,,,,,"",,"","",,,,
,,,,,,"",,"","",,,,
,,,,,,"",,"","",,,,
,,,,,,"",,"","",,,,
,,,,,,"",,"","",,,,
,,,,,,"",,"","",,,,
,,,,,,"",,"","",,,,
,,,,,,"",,"","",,,,
,,,,,,"",,"","",,,,
,,,,,,"",,"","",,,,
,,,,,,"",,"","",,,,
,,,,,,"",,"","",,,,
,,,,,,"",,"","",,,,
,,,,,,"",,"","",,,,
,,,,,,"",,"","",,,,
,,,,,,"",,"","",,,,
,,,,,,"",,"","",,,,
,,,,,,"",,"","",,,,
,,,,,,"",,"","",,,,
,,,,,,"",,"","",,,,
,,,,,,"",,"","",,,,
,,,,,,"",,"","",,,,
,,,,,,"",,"","",,,,
,,,,,,"",,"","",,,,
,,,,,,"",,"","",,,,
,,,,,,"",,"","",,,,
,,,,,,"",,"","",,,,
,,,,,,"",,"","",,,,
,,,,,,"",,"","",,,,
,,,,,,"",,"","",,,,
,,,,,,"",,"","",,,,
,,,,,,"",,"","",,,,
,,,,,,"",,"","",,,,
,,,,,,"",,"","",,,,
,,,,,,"",,"","",,,,
,,,,,,"",,"","",,,,
,,,,,,"",,"","",,,,
,,,,,,"",,"","",,,,
,,,,,,"",,"","",,,,
,,,,,,"",,"","",,,,
,,,,,,"",,"","",,,,
,,,,,,"",,"","",,,,
,,,,,,"",,"","",,,,
,,,,,,"",,"","",,,,
